<CURRENT_USER>
<SOFTWARE>
<NTLite>
<NTLite>
<UI>
<wDeeControlBarVersion>
<Major>"27"</Major>
<Minor>"30"</Minor>
</wDeeControlBarVersion>
<Pinned>
<PinnedFiles>"0000"</PinnedFiles>
<PinnedFolders>"0000"</PinnedFolders>
</Pinned>
<wDeeToolbarParameters>
<Tooltips>"1"</Tooltips>
<ShortcutKeys>"1"</ShortcutKeys>
<LargeIcons>"0"</LargeIcons>
<MenuAnimation>"999"</MenuAnimation>
<RecentlyUsedMenus>"1"</RecentlyUsedMenus>
<MenuShadows>"1"</MenuShadows>
<ShowAllMenusAfterDelay>"1"</ShowAllMenusAfterDelay>
<Look2000>"1"</Look2000>
<CommandsUsage>"0300000003005b38000001000000653b000001000000e900000001000000"</CommandsUsage>
</wDeeToolbarParameters>
<wDeeCommandManager>
<CommandsWithoutImages>"0000"</CommandsWithoutImages>
<MenuUserImages>"0000"</MenuUserImages>
</wDeeCommandManager>
<InputMode>"0"</InputMode>
<wDeeRibbonBar-59398>
<QuickAccessToolbarOnTop>"1"</QuickAccessToolbarOnTop>
<QuickAccessToolbarCommands>"0000"</QuickAccessToolbarCommands>
<IsMinimized>"0"</IsMinimized>
</wDeeRibbonBar-59398>
<wDeePControlBar-59398>
<ID>"0"</ID>
<RectRecentFloat>"0a0000000a0000006e0000006e000000"</RectRecentFloat>
<RectRecentDocked>"00000000000000009a0500009b000000"</RectRecentDocked>
<RecentFrameAlignment>"4096"</RecentFrameAlignment>
<RecentRowIndex>"0"</RecentRowIndex>
<IsFloating>"0"</IsFloating>
<MRUWidth>"32767"</MRUWidth>
<PinState>"0"</PinState>
<IsMaximized>"0"</IsMaximized>
</wDeePControlBar-59398>
<wDeePBaseControlBar-59398>
<IsVisible>"1"</IsVisible>
</wDeePBaseControlBar-59398>
<wDeeRibbonBar-59393>
<StatusBarPanes>"0000"</StatusBarPanes>
</wDeeRibbonBar-59393>
<wDeePControlBar-59393>
<ID>"0"</ID>
<RectRecentFloat>"0a0000000a0000006e0000006e000000"</RectRecentFloat>
<RectRecentDocked>"00000000dc0200009a050000f4020000"</RectRecentDocked>
<RecentFrameAlignment>"4096"</RecentFrameAlignment>
<RecentRowIndex>"0"</RecentRowIndex>
<IsFloating>"0"</IsFloating>
<MRUWidth>"32767"</MRUWidth>
<PinState>"0"</PinState>
<IsMaximized>"0"</IsMaximized>
</wDeePControlBar-59393>
<wDeePBaseControlBar-59393>
<IsVisible>"1"</IsVisible>
</wDeePBaseControlBar-59393>
<wDeePControlBar-1137>
<ID>"1137"</ID>
<RectRecentFloat>"0a0000000a0000006e0000006e000000"</RectRecentFloat>
<RectRecentDocked>"000000009b0000009a050000b9000000"</RectRecentDocked>
<RecentFrameAlignment>"4096"</RecentFrameAlignment>
<RecentRowIndex>"0"</RecentRowIndex>
<IsFloating>"0"</IsFloating>
<MRUWidth>"32767"</MRUWidth>
<PinState>"0"</PinState>
<IsMaximized>"0"</IsMaximized>
</wDeePControlBar-1137>
<wDeePBaseControlBar-1137>
<IsVisible>"1"</IsVisible>
</wDeePBaseControlBar-1137>
<wDeePDockManager-109>
<DockingCBAndSliders>"0000000000000000000000000000000000000000"</DockingCBAndSliders>
</wDeePDockManager-109>
<WindowPlacement>
<MainWindowRect>"6f000000240000000f0600001b030000"</MainWindowRect>
<Flags>"0"</Flags>
<ShowCmd>"1"</ShowCmd>
</WindowPlacement>
</UI>
</NTLite>
</NTLite>
</SOFTWARE>
</CURRENT_USER>
