<?xml version="1.0" encoding="utf-8"?>
<Hardware xmlns="urn:schemas-nliteos-com:pn.v1">
	<Device name="CD-ROM Drive" hidden="false" className="cdrom" displayName="VBOX CD-ROM ATA Device">
		<HWID>GENCDROM</HWID>
		<HWID>IDE\CDROMVBOX_CD-ROM_____________________________</HWID>
		<HWID>IDE\CDROMVBOX_CD-ROM_____________________________1.0_____</HWID>
		<HWID>IDE\VBOX_CD-ROM_____________________________1.0_____</HWID>
		<HWID>VBOX_CD-ROM_____________________________1.0_____</HWID>
	</Device>
	<Device name="Advanced Configuration and Power Interface (ACPI) PC" hidden="false" className="computer" displayName="Advanced Configuration and Power Interface (ACPI) PC">
		<HWID>ACPIPIC</HWID>
		<HWID>ACPIAPIC</HWID>
		<HWID>DETECTEDINTERNAL\ACPI_HAL</HWID>
		<HWID>DETECTED\ACPI_HAL</HWID>
	</Device>
	<Device name="Disk drive" hidden="false" className="diskdrive" displayName="VBOX HARDDISK ATA Device">
		<HWID>GENDISK</HWID>
		<HWID>IDE\DISKVBOX_HARDDISK___________________________</HWID>
		<HWID>IDE\DISKVBOX_HARDDISK___________________________1.0_____</HWID>
		<HWID>IDE\VBOX_HARDDISK___________________________1.0_____</HWID>
		<HWID>VBOX_HARDDISK___________________________1.0_____</HWID>
	</Device>
	<Device name="VirtualBox Graphics Adapter" hidden="false" className="display" displayName="VirtualBox Graphics Adapter">
		<HWID>PCI\CC_0300</HWID>
		<HWID>PCI\CC_030000</HWID>
		<HWID>PCI\VEN_80EE</HWID>
		<HWID>PCI\VEN_80EE&amp;CC_0300</HWID>
		<HWID>PCI\VEN_80EE&amp;CC_030000</HWID>
		<HWID>PCI\VEN_80EE&amp;DEV_BEEF</HWID>
		<HWID>PCI\VEN_80EE&amp;DEV_BEEF&amp;CC_0300</HWID>
		<HWID>PCI\VEN_80EE&amp;DEV_BEEF&amp;CC_030000</HWID>
		<HWID>PCI\VEN_80EE&amp;DEV_BEEF&amp;REV_00</HWID>
		<HWID>PCI\VEN_80EE&amp;DEV_BEEF&amp;SUBSYS_00000000</HWID>
		<HWID>PCI\VEN_80EE&amp;DEV_BEEF&amp;SUBSYS_00000000&amp;REV_00</HWID>
	</Device>
	<Device name="IDE Channel" hidden="false" className="hdc" displayName="ATA Channel 0">
		<HWID>*PNP0600</HWID>
		<HWID>INTEL-2829</HWID>
		<HWID>INTERNAL_IDE_CHANNEL</HWID>
	</Device>
	<Device name="Intel(R) 82371AB/EB PCI Bus Master IDE Controller" hidden="false" className="hdc" displayName="Intel(R) 82371AB/EB PCI Bus Master IDE Controller">
		<HWID>PCI\CC_0101</HWID>
		<HWID>PCI\CC_01018A</HWID>
		<HWID>PCI\VEN_8086</HWID>
		<HWID>PCI\VEN_8086&amp;CC_0101</HWID>
		<HWID>PCI\VEN_8086&amp;CC_01018A</HWID>
		<HWID>PCI\VEN_8086&amp;DEV_7111</HWID>
		<HWID>PCI\VEN_8086&amp;DEV_7111&amp;CC_0101</HWID>
		<HWID>PCI\VEN_8086&amp;DEV_7111&amp;CC_01018A</HWID>
		<HWID>PCI\VEN_8086&amp;DEV_7111&amp;REV_01</HWID>
		<HWID>PCI\VEN_8086&amp;DEV_7111&amp;SUBSYS_00000000</HWID>
		<HWID>PCI\VEN_8086&amp;DEV_7111&amp;SUBSYS_00000000&amp;REV_01</HWID>
	</Device>
	<Device name="Standard AHCI 1.0 Serial ATA Controller" hidden="false" className="hdc" displayName="Standard AHCI 1.0 Serial ATA Controller">
		<HWID>PCI\CC_0106</HWID>
		<HWID>PCI\CC_010601</HWID>
		<HWID>PCI\VEN_8086</HWID>
		<HWID>PCI\VEN_8086&amp;CC_0106</HWID>
		<HWID>PCI\VEN_8086&amp;CC_010601</HWID>
		<HWID>PCI\VEN_8086&amp;DEV_2829</HWID>
		<HWID>PCI\VEN_8086&amp;DEV_2829&amp;CC_0106</HWID>
		<HWID>PCI\VEN_8086&amp;DEV_2829&amp;CC_010601</HWID>
		<HWID>PCI\VEN_8086&amp;DEV_2829&amp;REV_02</HWID>
		<HWID>PCI\VEN_8086&amp;DEV_2829&amp;SUBSYS_00000000</HWID>
		<HWID>PCI\VEN_8086&amp;DEV_2829&amp;SUBSYS_00000000&amp;REV_02</HWID>
	</Device>
	<Device name="USB Input Device" hidden="false" className="hidclass" displayName="USB Input Device">
		<HWID>USB\CLASS_03</HWID>
		<HWID>USB\CLASS_03&amp;SUBCLASS_00</HWID>
		<HWID>USB\CLASS_03&amp;SUBCLASS_00&amp;PROT_00</HWID>
		<HWID>USB\VID_80EE&amp;PID_0021</HWID>
		<HWID>USB\VID_80EE&amp;PID_0021&amp;REV_0100</HWID>
	</Device>
	<Device name="Standard PS/2 Keyboard" hidden="false" className="keyboard" displayName="Standard PS/2 Keyboard">
		<HWID>*PNP0303</HWID>
		<HWID>ACPI\PNP0303</HWID>
	</Device>
	<Device name="High Definition Audio Device" hidden="false" className="media" displayName="High Definition Audio Device">
		<HWID>HDAUDIO\FUNC_01</HWID>
		<HWID>HDAUDIO\FUNC_01&amp;CTLR_VEN_8086</HWID>
		<HWID>HDAUDIO\FUNC_01&amp;CTLR_VEN_8086&amp;CTLR_DEV_2668</HWID>
		<HWID>HDAUDIO\FUNC_01&amp;CTLR_VEN_8086&amp;CTLR_DEV_2668&amp;VEN_8384</HWID>
		<HWID>HDAUDIO\FUNC_01&amp;CTLR_VEN_8086&amp;CTLR_DEV_2668&amp;VEN_8384&amp;DEV_7680</HWID>
		<HWID>HDAUDIO\FUNC_01&amp;CTLR_VEN_8086&amp;CTLR_DEV_2668&amp;VEN_8384&amp;DEV_7680&amp;REV_1034</HWID>
		<HWID>HDAUDIO\FUNC_01&amp;CTLR_VEN_8086&amp;VEN_8384</HWID>
		<HWID>HDAUDIO\FUNC_01&amp;CTLR_VEN_8086&amp;VEN_8384&amp;DEV_7680</HWID>
		<HWID>HDAUDIO\FUNC_01&amp;CTLR_VEN_8086&amp;VEN_8384&amp;DEV_7680&amp;REV_1034</HWID>
		<HWID>HDAUDIO\FUNC_01&amp;GF&amp;VEN_8384&amp;DEV_7680&amp;SUBSYS_83847680&amp;REV_1034</HWID>
		<HWID>HDAUDIO\FUNC_01&amp;VEN_8384</HWID>
		<HWID>HDAUDIO\FUNC_01&amp;VEN_8384&amp;DEV_7680</HWID>
		<HWID>HDAUDIO\FUNC_01&amp;VEN_8384&amp;DEV_7680&amp;REV_1034</HWID>
		<HWID>HDAUDIO\FUNC_01&amp;VEN_8384&amp;DEV_7680&amp;SUBSYS_83847680</HWID>
		<HWID>HDAUDIO\FUNC_01&amp;VEN_8384&amp;DEV_7680&amp;SUBSYS_83847680&amp;REV_1034</HWID>
	</Device>
	<Device name="Microsoft Streaming Clock Proxy" hidden="true" className="media" displayName="Microsoft Streaming Clock Proxy">
		<HWID>SW\{97EBAACC-95BD-11D0-A3EA-00A0C9223196}</HWID>
	</Device>
	<Device name="Microsoft Streaming Quality Manager Proxy" hidden="true" className="media" displayName="Microsoft Streaming Quality Manager Proxy">
		<HWID>SW\{DDF4358E-BB2C-11D0-A42F-00A0C9223196}</HWID>
	</Device>
	<Device name="Microsoft Streaming Service Proxy" hidden="true" className="media" displayName="Microsoft Streaming Service Proxy">
		<HWID>SW\{96E080C7-143C-11D1-B40F-00A0C9223196}</HWID>
	</Device>
	<Device name="Microsoft Streaming Tee/Sink-to-Sink Converter" hidden="true" className="media" displayName="Microsoft Streaming Tee/Sink-to-Sink Converter">
		<HWID>SW\{CFD669F1-9BC2-11D0-8299-0000F822FE8A}</HWID>
	</Device>
	<Device name="Microsoft Trusted Audio Drivers" hidden="true" className="media" displayName="Microsoft Trusted Audio Drivers">
		<HWID>SW\{EEC12DB6-AD9C-4168-8658-B03DAEF417FE}</HWID>
	</Device>
	<Device name="Generic Non-PnP Monitor" hidden="false" className="monitor" displayName="Generic Non-PnP Monitor">
		<HWID>*PNP09FF</HWID>
		<HWID>MONITOR\DEFAULT_MONITOR</HWID>
	</Device>
	<Device name="HID-compliant mouse" hidden="false" className="mouse" displayName="HID-compliant mouse">
		<HWID>HID\VID_80EE&amp;PID_0021</HWID>
		<HWID>HID\VID_80EE&amp;PID_0021&amp;REV_0100</HWID>
		<HWID>HID_DEVICE</HWID>
		<HWID>HID_DEVICE_SYSTEM_MOUSE</HWID>
		<HWID>HID_DEVICE_UP:0001_U:0002</HWID>
	</Device>
	<Device name="Microsoft PS/2 Mouse" hidden="false" className="mouse" displayName="Microsoft PS/2 Mouse">
		<HWID>*PNP0F03</HWID>
		<HWID>ACPI\PNP0F03</HWID>
	</Device>
	<Device name="Intel(R) PRO/1000 MT Desktop Adapter" hidden="false" className="net" displayName="Intel(R) PRO/1000 MT Desktop Adapter">
		<HWID>PCI\CC_0200</HWID>
		<HWID>PCI\CC_020000</HWID>
		<HWID>PCI\VEN_8086</HWID>
		<HWID>PCI\VEN_8086&amp;CC_0200</HWID>
		<HWID>PCI\VEN_8086&amp;CC_020000</HWID>
		<HWID>PCI\VEN_8086&amp;DEV_100E</HWID>
		<HWID>PCI\VEN_8086&amp;DEV_100E&amp;CC_0200</HWID>
		<HWID>PCI\VEN_8086&amp;DEV_100E&amp;CC_020000</HWID>
		<HWID>PCI\VEN_8086&amp;DEV_100E&amp;REV_02</HWID>
		<HWID>PCI\VEN_8086&amp;DEV_100E&amp;SUBSYS_001E8086</HWID>
		<HWID>PCI\VEN_8086&amp;DEV_100E&amp;SUBSYS_001E8086&amp;REV_02</HWID>
	</Device>
	<Device name="Intel Processor" hidden="false" className="processor" displayName="Intel Processor">
		<HWID>*GENUINEINTEL_-_INTEL64</HWID>
		<HWID>*GENUINEINTEL_-_INTEL64_FAMILY_6</HWID>
		<HWID>*GENUINEINTEL_-_INTEL64_FAMILY_6_MODEL_42</HWID>
		<HWID>ACPI\GENUINEINTEL_-_INTEL64</HWID>
		<HWID>ACPI\GENUINEINTEL_-_INTEL64_FAMILY_6</HWID>
		<HWID>ACPI\GENUINEINTEL_-_INTEL64_FAMILY_6_MODEL_42</HWID>
		<HWID>ACPI\PROCESSOR</HWID>
	</Device>
	<Device name="ACPI Fixed Feature Button" hidden="false" className="system" displayName="ACPI Fixed Feature Button">
		<HWID>*FIXEDBUTTON</HWID>
		<HWID>ACPI\FIXEDBUTTON</HWID>
	</Device>
	<Device name="Composite Bus Enumerator" hidden="false" className="system" displayName="Composite Bus Enumerator">
		<HWID>ROOT\COMPOSITEBUS</HWID>
	</Device>
	<Device name="Direct memory access controller" hidden="false" className="system" displayName="Direct memory access controller">
		<HWID>*PNP0200</HWID>
		<HWID>ACPI\PNP0200</HWID>
	</Device>
	<Device name="File as Volume Driver" hidden="false" className="system" displayName="File as Volume Driver">
		<HWID>DETECTEDINTERNAL\BLBDRIVE</HWID>
		<HWID>DETECTED\BLBDRIVE</HWID>
		<HWID>ROOT\BLBDRIVE</HWID>
	</Device>
	<Device name="High Definition Audio Controller" hidden="false" className="system" displayName="High Definition Audio Controller">
		<HWID>PCI\CC_0403</HWID>
		<HWID>PCI\CC_040300</HWID>
		<HWID>PCI\VEN_8086</HWID>
		<HWID>PCI\VEN_8086&amp;CC_0403</HWID>
		<HWID>PCI\VEN_8086&amp;CC_040300</HWID>
		<HWID>PCI\VEN_8086&amp;DEV_2668</HWID>
		<HWID>PCI\VEN_8086&amp;DEV_2668&amp;CC_0403</HWID>
		<HWID>PCI\VEN_8086&amp;DEV_2668&amp;CC_040300</HWID>
		<HWID>PCI\VEN_8086&amp;DEV_2668&amp;REV_01</HWID>
		<HWID>PCI\VEN_8086&amp;DEV_2668&amp;SUBSYS_76808384</HWID>
		<HWID>PCI\VEN_8086&amp;DEV_2668&amp;SUBSYS_76808384&amp;REV_01</HWID>
	</Device>
	<Device name="Intel 82371SB PCI to ISA bridge" hidden="false" className="system" displayName="Intel 82371SB PCI to ISA bridge">
		<HWID>PCI\CC_0601</HWID>
		<HWID>PCI\CC_060100</HWID>
		<HWID>PCI\VEN_8086</HWID>
		<HWID>PCI\VEN_8086&amp;CC_0601</HWID>
		<HWID>PCI\VEN_8086&amp;CC_060100</HWID>
		<HWID>PCI\VEN_8086&amp;DEV_7000</HWID>
		<HWID>PCI\VEN_8086&amp;DEV_7000&amp;CC_0601</HWID>
		<HWID>PCI\VEN_8086&amp;DEV_7000&amp;CC_060100</HWID>
		<HWID>PCI\VEN_8086&amp;DEV_7000&amp;REV_00</HWID>
		<HWID>PCI\VEN_8086&amp;DEV_7000&amp;SUBSYS_00000000</HWID>
		<HWID>PCI\VEN_8086&amp;DEV_7000&amp;SUBSYS_00000000&amp;REV_00</HWID>
	</Device>
	<Device name="Intel 82441FX Pentium(R) Pro Processor to PCI bridge" hidden="false" className="system" displayName="Intel 82441FX Pentium(R) Pro Processor to PCI bridge">
		<HWID>PCI\CC_0600</HWID>
		<HWID>PCI\CC_060000</HWID>
		<HWID>PCI\VEN_8086</HWID>
		<HWID>PCI\VEN_8086&amp;CC_0600</HWID>
		<HWID>PCI\VEN_8086&amp;CC_060000</HWID>
		<HWID>PCI\VEN_8086&amp;DEV_1237</HWID>
		<HWID>PCI\VEN_8086&amp;DEV_1237&amp;CC_0600</HWID>
		<HWID>PCI\VEN_8086&amp;DEV_1237&amp;CC_060000</HWID>
		<HWID>PCI\VEN_8086&amp;DEV_1237&amp;REV_02</HWID>
		<HWID>PCI\VEN_8086&amp;DEV_1237&amp;SUBSYS_00000000</HWID>
		<HWID>PCI\VEN_8086&amp;DEV_1237&amp;SUBSYS_00000000&amp;REV_02</HWID>
	</Device>
	<Device name="Microsoft ACPI-Compliant System" hidden="false" className="system" displayName="Microsoft ACPI-Compliant System">
		<HWID>*PNP0C08</HWID>
		<HWID>ACPI_HAL\PNP0C08</HWID>
	</Device>
	<Device name="Microsoft System Management BIOS Driver" hidden="false" className="system" displayName="Microsoft System Management BIOS Driver">
		<HWID>ROOT\MSSMBIOS</HWID>
	</Device>
	<Device name="Microsoft Virtual Drive Enumerator Driver" hidden="false" className="system" displayName="Microsoft Virtual Drive Enumerator Driver">
		<HWID>ROOT\VDRVROOT</HWID>
	</Device>
	<Device name="PCI bus" hidden="false" className="system" displayName="PCI bus">
		<HWID>*PNP0A03</HWID>
		<HWID>ACPI\PNP0A03</HWID>
	</Device>
	<Device name="Plug and Play Software Device Enumerator" hidden="false" className="system" displayName="Plug and Play Software Device Enumerator">
		<HWID>ROOT\SWENUM</HWID>
	</Device>
	<Device name="Printer Port Logical Interface" hidden="false" className="system" displayName="Printer Port Logical Interface">
		<HWID>LPTENUM\MICROSOFTRAWPORT958A</HWID>
		<HWID>MICROSOFTRAWPORT958A</HWID>
	</Device>
	<Device name="Programmable interrupt controller" hidden="false" className="system" displayName="Programmable interrupt controller">
		<HWID>*PNP0000</HWID>
		<HWID>ACPI\PNP0000</HWID>
	</Device>
	<Device name="Remote Desktop Device Redirector Bus" hidden="false" className="system" displayName="Remote Desktop Device Redirector Bus">
		<HWID>ROOT\RDPBUS</HWID>
	</Device>
	<Device name="System timer" hidden="false" className="system" displayName="System timer">
		<HWID>*PNP0100</HWID>
		<HWID>ACPI\PNP0100</HWID>
	</Device>
	<Device name="Terminal Server Keyboard Driver" hidden="false" className="system" displayName="Terminal Server Keyboard Driver">
		<HWID>ROOT\RDP_KBD</HWID>
	</Device>
	<Device name="Terminal Server Mouse Driver" hidden="false" className="system" displayName="Terminal Server Mouse Driver">
		<HWID>ROOT\RDP_MOU</HWID>
	</Device>
	<Device name="UMBus Enumerator" hidden="false" className="system" displayName="UMBus Enumerator">
		<HWID>UMB\UMBUS</HWID>
	</Device>
	<Device name="UMBus Root Bus Enumerator" hidden="false" className="system" displayName="UMBus Root Bus Enumerator">
		<HWID>ROOT\UMBUS</HWID>
	</Device>
	<Device name="VirtualBox Device" hidden="false" className="system" displayName="VirtualBox Device">
		<HWID>PCI\CC_0880</HWID>
		<HWID>PCI\CC_088000</HWID>
		<HWID>PCI\VEN_80EE</HWID>
		<HWID>PCI\VEN_80EE&amp;CC_0880</HWID>
		<HWID>PCI\VEN_80EE&amp;CC_088000</HWID>
		<HWID>PCI\VEN_80EE&amp;DEV_CAFE</HWID>
		<HWID>PCI\VEN_80EE&amp;DEV_CAFE&amp;CC_0880</HWID>
		<HWID>PCI\VEN_80EE&amp;DEV_CAFE&amp;CC_088000</HWID>
		<HWID>PCI\VEN_80EE&amp;DEV_CAFE&amp;REV_00</HWID>
		<HWID>PCI\VEN_80EE&amp;DEV_CAFE&amp;SUBSYS_00000000</HWID>
		<HWID>PCI\VEN_80EE&amp;DEV_CAFE&amp;SUBSYS_00000000&amp;REV_00</HWID>
	</Device>
	<Device name="Volume Manager" hidden="false" className="system" displayName="Volume Manager">
		<HWID>DETECTEDINTERNAL\VOLMGR</HWID>
		<HWID>DETECTED\VOLMGR</HWID>
		<HWID>ROOT\VOLMGR</HWID>
	</Device>
	<Device name="Intel(R) 82801FB/FBM USB2 Enhanced Host Controller - 265C" hidden="false" className="usb" displayName="Intel(R) 82801FB/FBM USB2 Enhanced Host Controller - 265C">
		<HWID>PCI\CC_0C03</HWID>
		<HWID>PCI\CC_0C0320</HWID>
		<HWID>PCI\VEN_8086</HWID>
		<HWID>PCI\VEN_8086&amp;CC_0C03</HWID>
		<HWID>PCI\VEN_8086&amp;CC_0C0320</HWID>
		<HWID>PCI\VEN_8086&amp;DEV_265C</HWID>
		<HWID>PCI\VEN_8086&amp;DEV_265C&amp;CC_0C03</HWID>
		<HWID>PCI\VEN_8086&amp;DEV_265C&amp;CC_0C0320</HWID>
		<HWID>PCI\VEN_8086&amp;DEV_265C&amp;REV_00</HWID>
		<HWID>PCI\VEN_8086&amp;DEV_265C&amp;SUBSYS_00000000</HWID>
		<HWID>PCI\VEN_8086&amp;DEV_265C&amp;SUBSYS_00000000&amp;REV_00</HWID>
	</Device>
	<Device name="Standard OpenHCD USB Host Controller" hidden="false" className="usb" displayName="Standard OpenHCD USB Host Controller">
		<HWID>PCI\CC_0C03</HWID>
		<HWID>PCI\CC_0C0310</HWID>
		<HWID>PCI\VEN_106B</HWID>
		<HWID>PCI\VEN_106B&amp;CC_0C03</HWID>
		<HWID>PCI\VEN_106B&amp;CC_0C0310</HWID>
		<HWID>PCI\VEN_106B&amp;DEV_003F</HWID>
		<HWID>PCI\VEN_106B&amp;DEV_003F&amp;CC_0C03</HWID>
		<HWID>PCI\VEN_106B&amp;DEV_003F&amp;CC_0C0310</HWID>
		<HWID>PCI\VEN_106B&amp;DEV_003F&amp;REV_00</HWID>
		<HWID>PCI\VEN_106B&amp;DEV_003F&amp;SUBSYS_00000000</HWID>
		<HWID>PCI\VEN_106B&amp;DEV_003F&amp;SUBSYS_00000000&amp;REV_00</HWID>
	</Device>
	<Device name="USB Root Hub" hidden="false" className="usb" displayName="USB Root Hub">
		<HWID>USB\ROOT_HUB</HWID>
		<HWID>USB\ROOT_HUB&amp;VID106B&amp;PID003F</HWID>
		<HWID>USB\ROOT_HUB&amp;VID106B&amp;PID003F&amp;REV0000</HWID>
	</Device>
	<Device name="Generic volume" hidden="false" className="volume" displayName="Generic volume">
		<HWID>STORAGE\VOLUME</HWID>
	</Device>
</Hardware>
