<?xml version="1.0" encoding="utf-8"?>
<Hardware xmlns="urn:schemas-nliteos-com:pn.v1">
	<Device name="Audio Endpoint" hidden="false" className="audioendpoint" displayName="Microphone (High Definition Audio Device)">
		<HWID>GENERICAUDIOENDPOINT</HWID>
		<HWID>MMDEVAPI\AUDIOENDPOINTS</HWID>
		<HWID>SWD\GENERIC</HWID>
		<HWID>SWD\GENERICRAW</HWID>
	</Device>
	<Device name="CD-ROM Drive" hidden="false" className="cdrom" displayName="NECVMWar VMware SATA CD01">
		<HWID>GENCDROM</HWID>
		<HWID>NECVMWARVMWARE_SATA_CD011</HWID>
		<HWID>SCSI\CDROM</HWID>
		<HWID>SCSI\CDROMNECVMWAR</HWID>
		<HWID>SCSI\CDROMNECVMWARVMWARE_SATA_CD01</HWID>
		<HWID>SCSI\CDROMNECVMWARVMWARE_SATA_CD011.00</HWID>
		<HWID>SCSI\NECVMWARVMWARE_SATA_CD011</HWID>
		<HWID>SCSI\RAW</HWID>
		<HWID>IDE\CDROMNECVMWAR_VMWARE_SATA_CD01_______________</HWID>
		<HWID>IDE\CDROMNECVMWAR_VMWARE_SATA_CD01_______________1.00____</HWID>
		<HWID>IDE\NECVMWAR_VMWARE_SATA_CD01_______________1.00____</HWID>
		<HWID>NECVMWAR_VMWARE_SATA_CD01_______________1.00____</HWID>
	</Device>
	<Device name="ACPI x64-based PC" hidden="false" className="computer" displayName="ACPI x64-based PC">
		<HWID>ACPIAPIC</HWID>
		<HWID>DETECTEDINTERNAL\ACPI_HAL</HWID>
		<HWID>DETECTED\ACPI_HAL</HWID>
	</Device>
	<Device name="Disk drive" hidden="false" className="diskdrive" displayName="VMware, VMware Virtual S SCSI Disk Device">
		<HWID>GENDISK</HWID>
		<HWID>SCSI\DISK</HWID>
		<HWID>SCSI\DISKVMWARE__</HWID>
		<HWID>SCSI\DISKVMWARE__VMWARE_VIRTUAL_S</HWID>
		<HWID>SCSI\DISKVMWARE__VMWARE_VIRTUAL_S1.0_</HWID>
		<HWID>SCSI\RAW</HWID>
		<HWID>SCSI\VMWARE__VMWARE_VIRTUAL_S1</HWID>
		<HWID>VMWARE__VMWARE_VIRTUAL_S1</HWID>
	</Device>
	<Device name="VMware SVGA 3D" hidden="false" className="display" displayName="VMware SVGA 3D">
		<HWID>PCI\CC_0300</HWID>
		<HWID>PCI\CC_030000</HWID>
		<HWID>PCI\VEN_15AD</HWID>
		<HWID>PCI\VEN_15AD&amp;CC_0300</HWID>
		<HWID>PCI\VEN_15AD&amp;CC_030000</HWID>
		<HWID>PCI\VEN_15AD&amp;DEV_0405</HWID>
		<HWID>PCI\VEN_15AD&amp;DEV_0405&amp;CC_0300</HWID>
		<HWID>PCI\VEN_15AD&amp;DEV_0405&amp;CC_030000</HWID>
		<HWID>PCI\VEN_15AD&amp;DEV_0405&amp;REV_00</HWID>
		<HWID>PCI\VEN_15AD&amp;DEV_0405&amp;SUBSYS_040515AD</HWID>
		<HWID>PCI\VEN_15AD&amp;DEV_0405&amp;SUBSYS_040515AD&amp;REV_00</HWID>
	</Device>
	<Device name="IDE Channel" hidden="false" className="hdc" displayName="ATA Channel 0">
		<HWID>*PNP0600</HWID>
		<HWID>INTEL-PIIX4</HWID>
		<HWID>15AD-07E0</HWID>
		<HWID>INTERNAL_IDE_CHANNEL</HWID>
	</Device>
	<Device name="Intel(R) 82371AB/EB PCI Bus Master IDE Controller" hidden="false" className="hdc" displayName="Intel(R) 82371AB/EB PCI Bus Master IDE Controller">
		<HWID>PCI\CC_0101</HWID>
		<HWID>PCI\CC_01018A</HWID>
		<HWID>PCI\VEN_8086</HWID>
		<HWID>PCI\VEN_8086&amp;CC_0101</HWID>
		<HWID>PCI\VEN_8086&amp;CC_01018A</HWID>
		<HWID>PCI\VEN_8086&amp;DEV_7111</HWID>
		<HWID>PCI\VEN_8086&amp;DEV_7111&amp;CC_0101</HWID>
		<HWID>PCI\VEN_8086&amp;DEV_7111&amp;CC_01018A</HWID>
		<HWID>PCI\VEN_8086&amp;DEV_7111&amp;REV_01</HWID>
		<HWID>PCI\VEN_8086&amp;DEV_7111&amp;SUBSYS_197615AD</HWID>
		<HWID>PCI\VEN_8086&amp;DEV_7111&amp;SUBSYS_197615AD&amp;REV_01</HWID>
	</Device>
	<Device name="Standard SATA AHCI Controller" hidden="false" className="hdc" displayName="Standard SATA AHCI Controller">
		<HWID>PCI\CC_0106</HWID>
		<HWID>PCI\CC_010601</HWID>
		<HWID>PCI\VEN_15AD</HWID>
		<HWID>PCI\VEN_15AD&amp;CC_0106</HWID>
		<HWID>PCI\VEN_15AD&amp;CC_010601</HWID>
		<HWID>PCI\VEN_15AD&amp;DEV_07E0</HWID>
		<HWID>PCI\VEN_15AD&amp;DEV_07E0&amp;CC_0106</HWID>
		<HWID>PCI\VEN_15AD&amp;DEV_07E0&amp;CC_010601</HWID>
		<HWID>PCI\VEN_15AD&amp;DEV_07E0&amp;REV_00</HWID>
		<HWID>PCI\VEN_15AD&amp;DEV_07E0&amp;SUBSYS_07E015AD</HWID>
		<HWID>PCI\VEN_15AD&amp;DEV_07E0&amp;SUBSYS_07E015AD&amp;REV_00</HWID>
	</Device>
	<Device name="HID-compliant vendor-defined device" hidden="false" className="hidclass" displayName="HID-compliant vendor-defined device">
		<HWID>HID\VID_0E0F&amp;PID_000A&amp;COL02</HWID>
		<HWID>HID\VID_0E0F&amp;PID_000A&amp;REV_0100&amp;COL02</HWID>
		<HWID>HID_DEVICE</HWID>
		<HWID>HID_DEVICE_UP:FF00_U:0000</HWID>
		<HWID>HID_DEVICE_UPR:FF00-FFFF</HWID>
	</Device>
	<Device name="USB Input Device" hidden="false" className="hidclass" displayName="USB Input Device">
		<HWID>USB\CLASS_03</HWID>
		<HWID>USB\CLASS_03&amp;SUBCLASS_00</HWID>
		<HWID>USB\CLASS_03&amp;SUBCLASS_00&amp;PROT_00</HWID>
		<HWID>USB\VID_0E0F&amp;PID_000A</HWID>
		<HWID>USB\VID_0E0F&amp;PID_000A&amp;REV_0100</HWID>
		<HWID>USB\VID_0E0F&amp;PID_0003&amp;MI_00</HWID>
		<HWID>USB\VID_0E0F&amp;PID_0003&amp;REV_0102&amp;MI_00</HWID>
	</Device>
	<Device name="Standard PS/2 Keyboard" hidden="false" className="keyboard" displayName="Standard PS/2 Keyboard">
		<HWID>*PNP0303</HWID>
		<HWID>ACPI\PNP0303</HWID>
		<HWID>ACPI\VEN_PNP&amp;DEV_0303</HWID>
	</Device>
	<Device name="High Definition Audio Device" hidden="false" className="media" displayName="High Definition Audio Device">
		<HWID>HDAUDIO\FUNC_01</HWID>
		<HWID>HDAUDIO\FUNC_01&amp;CTLR_VEN_15AD</HWID>
		<HWID>HDAUDIO\FUNC_01&amp;CTLR_VEN_15AD&amp;CTLR_DEV_1977</HWID>
		<HWID>HDAUDIO\FUNC_01&amp;CTLR_VEN_15AD&amp;CTLR_DEV_1977&amp;VEN_15AD</HWID>
		<HWID>HDAUDIO\FUNC_01&amp;CTLR_VEN_15AD&amp;CTLR_DEV_1977&amp;VEN_15AD&amp;DEV_1975</HWID>
		<HWID>HDAUDIO\FUNC_01&amp;CTLR_VEN_15AD&amp;CTLR_DEV_1977&amp;VEN_15AD&amp;DEV_1975&amp;REV_1001</HWID>
		<HWID>HDAUDIO\FUNC_01&amp;CTLR_VEN_15AD&amp;VEN_15AD</HWID>
		<HWID>HDAUDIO\FUNC_01&amp;CTLR_VEN_15AD&amp;VEN_15AD&amp;DEV_1975</HWID>
		<HWID>HDAUDIO\FUNC_01&amp;CTLR_VEN_15AD&amp;VEN_15AD&amp;DEV_1975&amp;REV_1001</HWID>
		<HWID>HDAUDIO\FUNC_01&amp;GF&amp;VEN_15AD&amp;DEV_1975&amp;SUBSYS_15AD1975&amp;REV_1001</HWID>
		<HWID>HDAUDIO\FUNC_01&amp;VEN_15AD</HWID>
		<HWID>HDAUDIO\FUNC_01&amp;VEN_15AD&amp;DEV_1975</HWID>
		<HWID>HDAUDIO\FUNC_01&amp;VEN_15AD&amp;DEV_1975&amp;REV_1001</HWID>
		<HWID>HDAUDIO\FUNC_01&amp;VEN_15AD&amp;DEV_1975&amp;SUBSYS_15AD1975</HWID>
		<HWID>HDAUDIO\FUNC_01&amp;VEN_15AD&amp;DEV_1975&amp;SUBSYS_15AD1975&amp;REV_1001</HWID>
	</Device>
	<Device name="Microsoft Streaming Clock Proxy" hidden="true" className="media" displayName="Microsoft Streaming Clock Proxy">
		<HWID>SW\{97EBAACC-95BD-11D0-A3EA-00A0C9223196}</HWID>
	</Device>
	<Device name="Microsoft Streaming Quality Manager Proxy" hidden="true" className="media" displayName="Microsoft Streaming Quality Manager Proxy">
		<HWID>SW\{DDF4358E-BB2C-11D0-A42F-00A0C9223196}</HWID>
	</Device>
	<Device name="Microsoft Streaming Service Proxy" hidden="true" className="media" displayName="Microsoft Streaming Service Proxy">
		<HWID>SW\{96E080C7-143C-11D1-B40F-00A0C9223196}</HWID>
	</Device>
	<Device name="Microsoft Streaming Tee/Sink-to-Sink Converter" hidden="true" className="media" displayName="Microsoft Streaming Tee/Sink-to-Sink Converter">
		<HWID>SW\{CFD669F1-9BC2-11D0-8299-0000F822FE8A}</HWID>
	</Device>
	<Device name="Microsoft Trusted Audio Drivers" hidden="true" className="media" displayName="Microsoft Trusted Audio Drivers">
		<HWID>SW\{EEC12DB6-AD9C-4168-8658-B03DAEF417FE}</HWID>
	</Device>
	<Device name="Memory Module" hidden="false" className="memory" displayName="Memory Module">
		<HWID>*PNP0C80</HWID>
		<HWID>ACPI\PNP0C80</HWID>
		<HWID>ACPI\VEN_PNP&amp;DEV_0C80</HWID>
	</Device>
	<Device name="Generic Non-PnP Monitor" hidden="true" className="monitor" displayName="Generic Non-PnP Monitor">
		<HWID>*PNP09FF</HWID>
		<HWID>MONITOR\DEFAULT_MONITOR</HWID>
	</Device>
	<Device name="VMware Pointing Device" hidden="false" className="mouse" displayName="VMware Pointing Device">
		<HWID>*PNP0F13</HWID>
		<HWID>ACPI\PNP0F13</HWID>
		<HWID>ACPI\VEN_PNP&amp;DEV_0F13</HWID>
	</Device>
	<Device name="VMware USB Pointing Device" hidden="false" className="mouse" displayName="VMware USB Pointing Device">
		<HWID>HID\VID_0E0F&amp;PID_0003&amp;MI_00</HWID>
		<HWID>HID\VID_0E0F&amp;PID_0003&amp;REV_0102&amp;MI_00</HWID>
		<HWID>HID_DEVICE</HWID>
		<HWID>HID_DEVICE_SYSTEM_MOUSE</HWID>
		<HWID>HID_DEVICE_UP:0001_U:0002</HWID>
	</Device>
	<Device name="Intel(R) 82574L Gigabit Network Connection" hidden="false" className="net" displayName="Intel(R) 82574L Gigabit Network Connection">
		<HWID>PCI\CC_0200</HWID>
		<HWID>PCI\CC_0200&amp;DT_0</HWID>
		<HWID>PCI\CC_020000</HWID>
		<HWID>PCI\CC_020000&amp;DT_0</HWID>
		<HWID>PCI\VEN_8086</HWID>
		<HWID>PCI\VEN_8086&amp;CC_0200</HWID>
		<HWID>PCI\VEN_8086&amp;CC_020000</HWID>
		<HWID>PCI\VEN_8086&amp;DEV_10D3</HWID>
		<HWID>PCI\VEN_8086&amp;DEV_10D3&amp;CC_0200</HWID>
		<HWID>PCI\VEN_8086&amp;DEV_10D3&amp;CC_020000</HWID>
		<HWID>PCI\VEN_8086&amp;DEV_10D3&amp;REV_00</HWID>
		<HWID>PCI\VEN_8086&amp;DEV_10D3&amp;SUBSYS_07D015AD</HWID>
		<HWID>PCI\VEN_8086&amp;DEV_10D3&amp;SUBSYS_07D015AD&amp;REV_00</HWID>
		<HWID>PCI\VEN_8086&amp;DEV_100F</HWID>
		<HWID>PCI\VEN_8086&amp;DEV_100F&amp;CC_0200</HWID>
		<HWID>PCI\VEN_8086&amp;DEV_100F&amp;CC_020000</HWID>
		<HWID>PCI\VEN_8086&amp;DEV_100F&amp;REV_01</HWID>
		<HWID>PCI\VEN_8086&amp;DEV_100F&amp;SUBSYS_075015AD</HWID>
		<HWID>PCI\VEN_8086&amp;DEV_100F&amp;SUBSYS_075015AD&amp;REV_01</HWID>
	</Device>
	<Device name="Communications Port" hidden="false" className="ports" displayName="Communications Port (COM1)">
		<HWID>*PNP0501</HWID>
		<HWID>ACPI\PNP0501</HWID>
		<HWID>ACPI\VEN_PNP&amp;DEV_0501</HWID>
	</Device>
	<Device name="Intel Processor" hidden="false" className="processor" displayName="Intel(R) Core(TM) i7-3612QM CPU @ 2.10GHz">
		<HWID>*GENUINEINTEL_-_INTEL64</HWID>
		<HWID>*GENUINEINTEL_-_INTEL64_FAMILY_6</HWID>
		<HWID>*GENUINEINTEL_-_INTEL64_FAMILY_6_MODEL_58</HWID>
		<HWID>ACPI\GENUINEINTEL_-_INTEL64</HWID>
		<HWID>ACPI\GENUINEINTEL_-_INTEL64_FAMILY_6</HWID>
		<HWID>ACPI\GENUINEINTEL_-_INTEL64_FAMILY_6_MODEL_58</HWID>
		<HWID>ACPI\PROCESSOR</HWID>
	</Device>
	<Device name="LSI Adapter, SAS 3000 series, 8-port with 1068" hidden="false" className="scsiadapter" displayName="LSI Adapter, SAS 3000 series, 8-port with 1068">
		<HWID>PCI\CC_0107</HWID>
		<HWID>PCI\CC_0107&amp;DT_0</HWID>
		<HWID>PCI\CC_010700</HWID>
		<HWID>PCI\CC_010700&amp;DT_0</HWID>
		<HWID>PCI\VEN_1000</HWID>
		<HWID>PCI\VEN_1000&amp;CC_0107</HWID>
		<HWID>PCI\VEN_1000&amp;CC_010700</HWID>
		<HWID>PCI\VEN_1000&amp;DEV_0054</HWID>
		<HWID>PCI\VEN_1000&amp;DEV_0054&amp;CC_0107</HWID>
		<HWID>PCI\VEN_1000&amp;DEV_0054&amp;CC_010700</HWID>
		<HWID>PCI\VEN_1000&amp;DEV_0054&amp;REV_01</HWID>
		<HWID>PCI\VEN_1000&amp;DEV_0054&amp;SUBSYS_197615AD</HWID>
		<HWID>PCI\VEN_1000&amp;DEV_0054&amp;SUBSYS_197615AD&amp;REV_01</HWID>
	</Device>
	<Device name="Generic software device" hidden="false" className="softwaredevice" displayName="Microsoft IPv4 IPv6 Transition Adapter Bus">
		<HWID>(NULL)</HWID>
		<HWID>SWD\GENERIC</HWID>
		<HWID>SWD\GENERICRAW</HWID>
	</Device>
	<Device name="ACPI Fixed Feature Button" hidden="false" className="system" displayName="ACPI Fixed Feature Button">
		<HWID>*FIXEDBUTTON</HWID>
		<HWID>ACPI\FIXEDBUTTON</HWID>
	</Device>
	<Device name="Composite Bus Enumerator" hidden="false" className="system" displayName="Composite Bus Enumerator">
		<HWID>ROOT\COMPOSITEBUS</HWID>
	</Device>
	<Device name="Direct memory access controller" hidden="false" className="system" displayName="Direct memory access controller">
		<HWID>*PNP0200</HWID>
		<HWID>ACPI\PNP0200</HWID>
		<HWID>ACPI\VEN_PNP&amp;DEV_0200</HWID>
	</Device>
	<Device name="EISA programmable interrupt controller" hidden="false" className="system" displayName="EISA programmable interrupt controller">
		<HWID>*PNP0001</HWID>
		<HWID>ACPI\PNP0001</HWID>
		<HWID>ACPI\VEN_PNP&amp;DEV_0001</HWID>
	</Device>
	<Device name="Generic Bus" hidden="false" className="system" displayName="Generic Bus">
		<HWID>*PNP0A05</HWID>
		<HWID>ACPI\PNP0A05</HWID>
		<HWID>ACPI\VEN_PNP&amp;DEV_0A05</HWID>
	</Device>
	<Device name="High Definition Audio Controller" hidden="false" className="system" displayName="High Definition Audio Controller">
		<HWID>PCI\CC_0403</HWID>
		<HWID>PCI\CC_040300</HWID>
		<HWID>PCI\VEN_15AD</HWID>
		<HWID>PCI\VEN_15AD&amp;CC_0403</HWID>
		<HWID>PCI\VEN_15AD&amp;CC_040300</HWID>
		<HWID>PCI\VEN_15AD&amp;DEV_1977</HWID>
		<HWID>PCI\VEN_15AD&amp;DEV_1977&amp;CC_0403</HWID>
		<HWID>PCI\VEN_15AD&amp;DEV_1977&amp;CC_040300</HWID>
		<HWID>PCI\VEN_15AD&amp;DEV_1977&amp;REV_09</HWID>
		<HWID>PCI\VEN_15AD&amp;DEV_1977&amp;SUBSYS_197715AD</HWID>
		<HWID>PCI\VEN_15AD&amp;DEV_1977&amp;SUBSYS_197715AD&amp;REV_09</HWID>
	</Device>
	<Device name="High precision event timer" hidden="false" className="system" displayName="High precision event timer">
		<HWID>*PNP0103</HWID>
		<HWID>*PNP0C01</HWID>
		<HWID>ACPI\PNP0103</HWID>
		<HWID>ACPI\VEN_PNP&amp;DEV_0103</HWID>
	</Device>
	<Device name="Intel 82371AB/EB PCI to ISA bridge (ISA mode)" hidden="false" className="system" displayName="Intel 82371AB/EB PCI to ISA bridge (ISA mode)">
		<HWID>PCI\CC_0601</HWID>
		<HWID>PCI\CC_060100</HWID>
		<HWID>PCI\VEN_8086</HWID>
		<HWID>PCI\VEN_8086&amp;CC_0601</HWID>
		<HWID>PCI\VEN_8086&amp;CC_060100</HWID>
		<HWID>PCI\VEN_8086&amp;DEV_7110</HWID>
		<HWID>PCI\VEN_8086&amp;DEV_7110&amp;CC_0601</HWID>
		<HWID>PCI\VEN_8086&amp;DEV_7110&amp;CC_060100</HWID>
		<HWID>PCI\VEN_8086&amp;DEV_7110&amp;REV_08</HWID>
		<HWID>PCI\VEN_8086&amp;DEV_7110&amp;SUBSYS_197615AD</HWID>
		<HWID>PCI\VEN_8086&amp;DEV_7110&amp;SUBSYS_197615AD&amp;REV_08</HWID>
	</Device>
	<Device name="Intel 82443BX Pentium(R) II Processor to PCI Bridge" hidden="false" className="system" displayName="Intel 82443BX Pentium(R) II Processor to PCI Bridge">
		<HWID>PCI\CC_0600</HWID>
		<HWID>PCI\CC_060000</HWID>
		<HWID>PCI\VEN_8086</HWID>
		<HWID>PCI\VEN_8086&amp;CC_0600</HWID>
		<HWID>PCI\VEN_8086&amp;CC_060000</HWID>
		<HWID>PCI\VEN_8086&amp;DEV_7190</HWID>
		<HWID>PCI\VEN_8086&amp;DEV_7190&amp;CC_0600</HWID>
		<HWID>PCI\VEN_8086&amp;DEV_7190&amp;CC_060000</HWID>
		<HWID>PCI\VEN_8086&amp;DEV_7190&amp;REV_01</HWID>
		<HWID>PCI\VEN_8086&amp;DEV_7190&amp;SUBSYS_197615AD</HWID>
		<HWID>PCI\VEN_8086&amp;DEV_7190&amp;SUBSYS_197615AD&amp;REV_01</HWID>
	</Device>
	<Device name="Microsoft ACPI-Compliant System" hidden="false" className="system" displayName="Microsoft ACPI-Compliant System">
		<HWID>*PNP0C08</HWID>
		<HWID>ACPI_HAL\PNP0C08</HWID>
	</Device>
	<Device name="Microsoft Basic Display Driver" hidden="false" className="system" displayName="Microsoft Basic Display Driver">
		<HWID>ROOT\BASICDISPLAY</HWID>
	</Device>
	<Device name="Microsoft Basic Render Driver" hidden="false" className="system" displayName="Microsoft Basic Render Driver">
		<HWID>ROOT\BASICRENDER</HWID>
	</Device>
	<Device name="Microsoft Hyper-V Generation Counter" hidden="false" className="system" displayName="Microsoft Hyper-V Generation Counter">
		<HWID>*PNP0C02</HWID>
		<HWID>*VMW0001</HWID>
		<HWID>ACPI\VEN_VMW&amp;DEV_0001</HWID>
		<HWID>ACPI\VMW0001</HWID>
		<HWID>ACPI\VM_GEN_COUNTER</HWID>
		<HWID>VM_GEN_COUNTER</HWID>
	</Device>
	<Device name="Microsoft System Management BIOS Driver" hidden="false" className="system" displayName="Microsoft System Management BIOS Driver">
		<HWID>ROOT\MSSMBIOS</HWID>
	</Device>
	<Device name="Microsoft Virtual Drive Enumerator" hidden="false" className="system" displayName="Microsoft Virtual Drive Enumerator">
		<HWID>ROOT\VDRVROOT</HWID>
	</Device>
	<Device name="Motherboard resources" hidden="false" className="system" displayName="Motherboard resources">
		<HWID>*PNP0C02</HWID>
		<HWID>ACPI\PNP0C02</HWID>
		<HWID>ACPI\VEN_PNP&amp;DEV_0C02</HWID>
	</Device>
	<Device name="NDIS Virtual Network Adapter Enumerator" hidden="false" className="system" displayName="NDIS Virtual Network Adapter Enumerator">
		<HWID>ROOT\NDISVIRTUALBUS</HWID>
	</Device>
	<Device name="PCI bus" hidden="false" className="system" displayName="PCI bus">
		<HWID>*PNP0A03</HWID>
		<HWID>*PNP0A08</HWID>
		<HWID>ACPI\PNP0A03</HWID>
		<HWID>ACPI\VEN_PNP&amp;DEV_0A03</HWID>
	</Device>
	<Device name="PCI Express standard Root Port" hidden="false" className="system" displayName="PCI Express standard Root Port">
		<HWID>PCI\CC_0604</HWID>
		<HWID>PCI\CC_0604&amp;DT_4</HWID>
		<HWID>PCI\CC_060400</HWID>
		<HWID>PCI\CC_060400&amp;DT_4</HWID>
		<HWID>PCI\VEN_15AD</HWID>
		<HWID>PCI\VEN_15AD&amp;CC_0604</HWID>
		<HWID>PCI\VEN_15AD&amp;CC_060400</HWID>
		<HWID>PCI\VEN_15AD&amp;DEV_07A0</HWID>
		<HWID>PCI\VEN_15AD&amp;DEV_07A0&amp;CC_0604</HWID>
		<HWID>PCI\VEN_15AD&amp;DEV_07A0&amp;CC_060400</HWID>
		<HWID>PCI\VEN_15AD&amp;DEV_07A0&amp;REV_01</HWID>
		<HWID>PCI\VEN_15AD&amp;DEV_07A0&amp;SUBSYS_07A015AD</HWID>
		<HWID>PCI\VEN_15AD&amp;DEV_07A0&amp;SUBSYS_07A015AD&amp;REV_01</HWID>
	</Device>
	<Device name="PCI standard PCI-to-PCI bridge" hidden="false" className="system" displayName="PCI standard PCI-to-PCI bridge">
		<HWID>PCI\CC_0604</HWID>
		<HWID>PCI\CC_060400</HWID>
		<HWID>PCI\VEN_8086</HWID>
		<HWID>PCI\VEN_8086&amp;CC_0604</HWID>
		<HWID>PCI\VEN_8086&amp;CC_060400</HWID>
		<HWID>PCI\VEN_8086&amp;DEV_7191</HWID>
		<HWID>PCI\VEN_8086&amp;DEV_7191&amp;CC_0604</HWID>
		<HWID>PCI\VEN_8086&amp;DEV_7191&amp;CC_060400</HWID>
		<HWID>PCI\VEN_8086&amp;DEV_7191&amp;REV_01</HWID>
		<HWID>PCI\VEN_8086&amp;DEV_7191&amp;SUBSYS_00000000</HWID>
		<HWID>PCI\VEN_8086&amp;DEV_7191&amp;SUBSYS_00000000&amp;REV_01</HWID>
	</Device>
	<Device name="Plug and Play Software Device Enumerator" hidden="false" className="system" displayName="Plug and Play Software Device Enumerator">
		<HWID>ROOT\SWENUM</HWID>
	</Device>
	<Device name="System CMOS/real time clock" hidden="false" className="system" displayName="System CMOS/real time clock">
		<HWID>*PNP0B00</HWID>
		<HWID>ACPI\PNP0B00</HWID>
		<HWID>ACPI\VEN_PNP&amp;DEV_0B00</HWID>
	</Device>
	<Device name="System speaker" hidden="false" className="system" displayName="System speaker">
		<HWID>*PNP0800</HWID>
		<HWID>ACPI\PNP0800</HWID>
		<HWID>ACPI\VEN_PNP&amp;DEV_0800</HWID>
	</Device>
	<Device name="System timer" hidden="false" className="system" displayName="System timer">
		<HWID>*PNP0100</HWID>
		<HWID>ACPI\PNP0100</HWID>
		<HWID>ACPI\VEN_PNP&amp;DEV_0100</HWID>
	</Device>
	<Device name="UMBus Root Bus Enumerator" hidden="false" className="system" displayName="UMBus Root Bus Enumerator">
		<HWID>ROOT\UMBUS</HWID>
	</Device>
	<Device name="Volume Manager" hidden="false" className="system" displayName="Volume Manager">
		<HWID>DETECTEDINTERNAL\VOLMGR</HWID>
		<HWID>DETECTED\VOLMGR</HWID>
		<HWID>ROOT\VOLMGR</HWID>
	</Device>
	<Device name="Generic USB Hub" hidden="false" className="usb" displayName="Generic USB Hub">
		<HWID>USB\USB20_HUB</HWID>
		<HWID>USB\CLASS_09</HWID>
		<HWID>USB\CLASS_09&amp;SUBCLASS_00</HWID>
		<HWID>USB\CLASS_09&amp;SUBCLASS_00&amp;PROT_00</HWID>
		<HWID>USB\VID_0E0F&amp;PID_0002</HWID>
		<HWID>USB\VID_0E0F&amp;PID_0002&amp;REV_0100</HWID>
	</Device>
	<Device name="Standard Enhanced PCI to USB Host Controller" hidden="false" className="usb" displayName="Standard Enhanced PCI to USB Host Controller">
		<HWID>PCI\CC_0C03</HWID>
		<HWID>PCI\CC_0C0320</HWID>
		<HWID>PCI\VEN_15AD</HWID>
		<HWID>PCI\VEN_15AD&amp;CC_0C03</HWID>
		<HWID>PCI\VEN_15AD&amp;CC_0C0320</HWID>
		<HWID>PCI\VEN_15AD&amp;DEV_0770</HWID>
		<HWID>PCI\VEN_15AD&amp;DEV_0770&amp;CC_0C03</HWID>
		<HWID>PCI\VEN_15AD&amp;DEV_0770&amp;CC_0C0320</HWID>
		<HWID>PCI\VEN_15AD&amp;DEV_0770&amp;REV_00</HWID>
		<HWID>PCI\VEN_15AD&amp;DEV_0770&amp;SUBSYS_077015AD</HWID>
		<HWID>PCI\VEN_15AD&amp;DEV_0770&amp;SUBSYS_077015AD&amp;REV_00</HWID>
	</Device>
	<Device name="Standard Universal PCI to USB Host Controller" hidden="false" className="usb" displayName="Standard Universal PCI to USB Host Controller">
		<HWID>PCI\CC_0C03</HWID>
		<HWID>PCI\CC_0C0300</HWID>
		<HWID>PCI\VEN_15AD</HWID>
		<HWID>PCI\VEN_15AD&amp;CC_0C03</HWID>
		<HWID>PCI\VEN_15AD&amp;CC_0C0300</HWID>
		<HWID>PCI\VEN_15AD&amp;DEV_0774</HWID>
		<HWID>PCI\VEN_15AD&amp;DEV_0774&amp;CC_0C03</HWID>
		<HWID>PCI\VEN_15AD&amp;DEV_0774&amp;CC_0C0300</HWID>
		<HWID>PCI\VEN_15AD&amp;DEV_0774&amp;REV_00</HWID>
		<HWID>PCI\VEN_15AD&amp;DEV_0774&amp;SUBSYS_197615AD</HWID>
		<HWID>PCI\VEN_15AD&amp;DEV_0774&amp;SUBSYS_197615AD&amp;REV_00</HWID>
	</Device>
	<Device name="USB xHCI Compliant Host Controller" hidden="false" className="usb" displayName="Standard USB 3.0 eXtensible Host Controller - 0096 (Microsoft)">
		<HWID>PCI\CC_0C03</HWID>
		<HWID>PCI\CC_0C03&amp;DT_0</HWID>
		<HWID>PCI\CC_0C0330</HWID>
		<HWID>PCI\CC_0C0330&amp;DT_0</HWID>
		<HWID>PCI\VEN_15AD</HWID>
		<HWID>PCI\VEN_15AD&amp;CC_0C03</HWID>
		<HWID>PCI\VEN_15AD&amp;CC_0C0330</HWID>
		<HWID>PCI\VEN_15AD&amp;DEV_0778</HWID>
		<HWID>PCI\VEN_15AD&amp;DEV_0778&amp;CC_0C03</HWID>
		<HWID>PCI\VEN_15AD&amp;DEV_0778&amp;CC_0C0330</HWID>
		<HWID>PCI\VEN_15AD&amp;DEV_0778&amp;REV_00</HWID>
		<HWID>PCI\VEN_15AD&amp;DEV_0778&amp;SUBSYS_077815AD</HWID>
		<HWID>PCI\VEN_15AD&amp;DEV_0778&amp;SUBSYS_077815AD&amp;REV_00</HWID>
		<HWID>PCI\VEN_15AD&amp;DEV_0779</HWID>
		<HWID>PCI\VEN_15AD&amp;DEV_0779&amp;CC_0C03</HWID>
		<HWID>PCI\VEN_15AD&amp;DEV_0779&amp;CC_0C0330</HWID>
		<HWID>PCI\VEN_15AD&amp;DEV_0779&amp;REV_00</HWID>
		<HWID>PCI\VEN_15AD&amp;DEV_0779&amp;SUBSYS_077915AD</HWID>
		<HWID>PCI\VEN_15AD&amp;DEV_0779&amp;SUBSYS_077915AD&amp;REV_00</HWID>
	</Device>
	<Device name="USB Composite Device" hidden="false" className="usb" displayName="USB Composite Device">
		<HWID>USB\COMPOSITE</HWID>
		<HWID>USB\DEVCLASS_00</HWID>
		<HWID>USB\DEVCLASS_00&amp;SUBCLASS_00</HWID>
		<HWID>USB\DEVCLASS_00&amp;SUBCLASS_00&amp;PROT_00</HWID>
		<HWID>USB\VID_0E0F&amp;PID_0003</HWID>
		<HWID>USB\VID_0E0F&amp;PID_0003&amp;REV_0102</HWID>
	</Device>
	<Device name="USB Root Hub" hidden="false" className="usb" displayName="USB Root Hub">
		<HWID>USB\ROOT_HUB</HWID>
		<HWID>USB\ROOT_HUB&amp;VID15AD&amp;PID0774</HWID>
		<HWID>USB\ROOT_HUB&amp;VID15AD&amp;PID0774&amp;REV0000</HWID>
		<HWID>USB\ROOT_HUB20</HWID>
		<HWID>USB\ROOT_HUB20&amp;VID15AD&amp;PID0770</HWID>
		<HWID>USB\ROOT_HUB20&amp;VID15AD&amp;PID0770&amp;REV0000</HWID>
	</Device>
	<Device name="USB Root Hub (xHCI)" hidden="false" className="usb" displayName="USB Root Hub (xHCI)">
		<HWID>USB\ROOT_HUB30</HWID>
		<HWID>USB\ROOT_HUB30&amp;VID15AD&amp;PID0778</HWID>
		<HWID>USB\ROOT_HUB30&amp;VID15AD&amp;PID0778&amp;REV0000</HWID>
		<HWID>USB\ROOT_HUB30&amp;VID15AD&amp;PID0779</HWID>
		<HWID>USB\ROOT_HUB30&amp;VID15AD&amp;PID0779&amp;REV0000</HWID>
	</Device>
	<Device name="Generic volume" hidden="false" className="volume" displayName="Generic volume">
		<HWID>STORAGE\VOLUME</HWID>
	</Device>
</Hardware>
